tune_name,page,style,booknames,notes
Atholl Highlanders March to Loch Katrine,2,March,W. Ross's Collection Book 5,
Dovecote Park,7,March,W. Ross's Collection Book 5,
Miss Elspeth Campbell,18,March,W. Ross's Collection Book 5,
J. McLagan,23,March,W. Ross's Collection Book 5,
John McKenzie's Farewell to Strathglass,26,March,W. Ross's Collection Book 5,
Leaving lunga,20,March,W. Ross's Collection Book 5,
MacDougall of Lunga,1,March,W. Ross's Collection Book 5,
Mackay's Farewell to the 71st,24,March,W. Ross's Collection Book 5,
The MacPherson's Farewell,21,March,W. Ross's Collection Book 5,
Major A. N. Donaldson of Amulree,14,March,W. Ross's Collection Book 5,
Major General Bruce matthews,29,March,W. Ross's Collection Book 5,
Miss mary O'Beirne's Welcome to kildonan,16,March,W. Ross's Collection Book 5,
Mrs MacDougall,22,March,W. Ross's Collection Book 5,
Normal Campbell's Farewell to inveran,11,March,W. Ross's Collection Book 5,
The Pipers' Farewell to Perth,30,March,W. Ross's Collection Book 5,
The Renfrewshire Militia,4,March,W. Ross's Collection Book 5,
The Sprig of Ivy,8,March,W. Ross's Collection Book 5,
Taymouth Castle,28,March,W. Ross's Collection Book 5,
Tulloch McCarrick,10,March,W. Ross's Collection Book 5,
Pipe-Major William Lawrie's Favourite,12,April,W. Ross's Collection Book 5,
The White Sanbds of Mersa Matrah,18,May,W. Ross's Collection Book 5,
The 72nd's Farewell to Dover,6,June,W. Ross's Collection Book 5,
Arthur's Seat,36,Strathspey,W. Ross's Collection Book 5,
Barbara's,32,Strathspey,W. Ross's Collection Book 5,
The Birks of Abergeldie,32,Strathspey,W. Ross's Collection Book 5,
The Caledonian Society of London,35,Strathspey,W. Ross's Collection Book 5,
Climbing Duniquaich,32,Strathspey,W. Ross's Collection Book 5,
Colonel JR Farquaharson,33,Strathspey,W. Ross's Collection Book 5,
The Highlands of Banffshire,36,Strathspey,W. Ross's Collection Book 5,
Highland Harry,34,Strathspey,W. Ross's Collection Book 5,
The Inverness Rant,37,Strathspey,W. Ross's Collection Book 5,
Kessock Ferry,37,Strathspey,W. Ross's Collection Book 5,
Take yhour Gun to the hill,33,Strathspey,W. Ross's Collection Book 5,
Ballater Rant,42,Reel,W. Ross's Collection Book 5,
The Clucking Hen,38,Reel,W. Ross's Collection Book 5,
Duncan Lamont,44,Reel,W. Ross's Collection Book 5,
Foot it Neatly,41,Reel,W. Ross's Collection Book 5,
Loch Carron,42,Reel,W. Ross's Collection Book 5,
Reel O'Tulloch,40,Reel,W. Ross's Collection Book 5,
Willie Cummings,43,Reel,W. Ross's Collection Book 5,
Arlitrach,45,Jig,W. Ross's Collection Book 5,
Center's Bonnet,49,Jig,W. Ross's Collection Book 5,
Drops of Brandy,45,Jig,W. Ross's Collection Book 5,
The Red Brae,46,Jig,W. Ross's Collection Book 5,
The Stable Boys,48,Jig,W. Ross's Collection Book 5,
The Tailor's Wedding,47,Jig,W. Ross's Collection Book 5,
The Time is Ripe,50,Jig,W. Ross's Collection Book 5,
By Loch Etive side,50,Slow Air,W. Ross's Collection Book 5,
A man's a man for a' that,10,March,Scots Guards Volume 1,
The Abercairney Highlanders,106,March,Scots Guards Volume 1,
All the blue bonnets are over the border,4,March,Scots Guards Volume 1,
The Atholl and Breaalbane Gathering,108,March,Scots Guards Volume 1,
The Atholl Highlanders,86,March,Scots Guards Volume 1,
The Atholl Highlanders march to Loch Katrine,110,March,Scots Guards Volume 1,
The Australian Ladies,112,March,Scots Guards Volume 1,
The Back of Benachie,7,March,Scots Guards Volume 1,
The Balkan Hills,114,March,Scots Guards Volume 1,
Ballochyle,88,March,Scots Guards Volume 1,
The Balmoral Highlanders,115,March,Scots Guards Volume 1,
The barren Rocks of aden,116,March,Scots Guards Volume 1,
The Battle of Killecrankie,,March,Scots Guards Volume 1,
The Black bear,8,March,Scots Guards Volume 1,
The Bonawe Highlanders,90,March,Scots Guards Volume 1,
Bonnie Ann,118,March,Scots Guards Volume 1,
Bonniy Dundee,18,March,Scots Guards Volume 1,
Brigadier MD erskine,47,March,Scots Guards Volume 1,
Brose and Butter,3,March,Scots Guards Volume 1,
Brothers Three,11,March,Scots Guards Volume 1,
The Brown Haired Maiden,10,March,Scots Guards Volume 1,
Bugle horn,91,March,Scots Guards Volume 1,
Campbells Farewell to redcastle,120,March,Scots Guards Volume 1,
Captain Craig Brown,92,March,Scots Guards Volume 1,
Captain MG Bax,48,March,Scots Guards Volume 1,
Captain Norman Orr Ewing,23,March,Scots Guards Volume 1,
Captain P Leng,44,March,Scots Guards Volume 1,
Captain Edward Hope Vere,121,March,Scots Guards Volume 1,
Colonel CIH Dunbara,62,March,Scots Guards Volume 1,
Colonel Robertson,92,March,Scots Guards Volume 1,
Colonel Sinclair,122,March,Scots Guards Volume 1,
Corn Rigs are Bonny,13,March,Scots Guards Volume 1,
The Coronation of Queen Elizabeth,61,March,Scots Guards Volume 1,
Coriechoilies's Welcome to the Northern Meeting,123,March,Scots Guards Volume 1,
The Crags of Stirling,124,March,Scots Guards Volume 1,
Craig-n-Darroch,117,March,Scots Guards Volume 1,
The Crisis,36,March,Scots Guards Volume 1,
Daft Donald,94,March,Scots Guards Volume 1,
Doctor Macleod of Alnwick,26,March,Scots Guards Volume 1,
Donald Blue,3,March,Scots Guards Volume 1,
Donald Cameron,126,March,Scots Guards Volume 1,
Donald Fraser,60,March,Scots Guards Volume 1,
Dovecote Park,9,March,Scots Guards Volume 1,
The Drunken Piper,6,March,Scots Guards Volume 1,
The Duke of roxburghe's farewell to Blackmount Forest,128,March,Scots Guards Volume 1,
The Earl of Mansfield,130,March,Scots Guards Volume 1,
The Edinburgh Volunteers,131,March,Scots Guards Volume 1,
Farewell to the Creeks,95,March,Scots Guards Volume 1,
G Company's welcome to Kuala Kubu Bahru,45,March,Scots Guards Volume 1,
The Glendaruel Highlanders,96,March,Scots Guards Volume 1,
The Glengarry Gathering,132,March,Scots Guards Volume 1,
Greenwood Side,6,March,Scots Guards Volume 1,
Happy we've been together,134,March,Scots Guards Volume 1,
The Haughs of Cromdale,134,March,Scots Guards Volume 1,
The Heights of Mount Kenya,66,March,Scots Guards Volume 1,
The Highland Brigade at Tel-el-Kahir,97,March,Scots Guards Volume 1,
The Highland Laddie,1,March,Scots Guards Volume 1,
The Highland Wedding,16,March,Scots Guards Volume 1,
The Hills and Waters of Penang,46,March,Scots Guards Volume 1,
The Hills of Glenorchy,98,March,Scots Guards Volume 1,
The Hills of Kowloon,30,March,Scots Guards Volume 1,
Hortense's Welcome to Edinburgh Castle,57,March,Scots Guards Volume 1,
Hot Punch,12,March,Scots Guards Volume 1,
HRH Prince Henry, Duke of Gloucester's March,1,March,Scots Guards Volume 1,
I am a young man that lived with my mother,99,March,Scots Guards Volume 1,
The Inverness Gathering,15,March,Scots Guards Volume 1,
Jenny's Bawbee,135,March,Scots Guards Volume 1,
Jenny's Black e'e,136,March,Scots Guards Volume 1,
Jim Mcbay's Welcome,35,March,Scots Guards Volume 1,
John McKenzie's Farewell to Strathglass,20,March,Scots Guards Volume 1,
John Morrison Esq of Assynt House,28,March,Scots Guards Volume 1,
Johnny Cope,2,March,Scots Guards Volume 1,
Kenmure's up and awa Willy,99,March,Scots Guards Volume 1,
King George V's Army,136,March,Scots Guards Volume 1,
Lady Dorothea Stewart Murray,100,March,Scots Guards Volume 1,
The Laird of Luss,25,March,Scots Guards Volume 1,
Leaving Glenurquhart,138,March,Scots Guards Volume 1,
Leaving port Askaig,27,March,Scots Guards Volume 1,
the Lonach Gathering,24,March,Scots Guards Volume 1,
Lord Alexander Kennedy,140,March,Scots Guards Volume 1,
Louise Munro Ross,55,March,Scots Guards Volume 1,
Lt. Col. AE Cameron of Aldourie,58,March,Scots Guards Volume 1,
Lt. Col. P Fane Gladwin's greeting to Dunans,56,March,Scots Guards Volume 1,
Macdonald's March to the wars,101,March,Scots Guards Volume 1,
Major Alex Greenwood,59,March,Scots Guards Volume 1,
Major John Macrae DSO of Feoirlinn,39,March,Scots Guards Volume 1,
The Marchioness of Tullibardine,142,March,Scots Guards Volume 1,
The Midlothian Pipe Band,102,March,Scots Guards Volume 1,
Monte Catarelto,42,March,Scots Guards Volume 1,
Mrs Pat Maclaren,32,March,Scots Guards Volume 1,
the Mucking of Geordie's Byre,14,March,Scots Guards Volume 1,
Murray's Welcome,144,March,Scots Guards Volume 1,
My love she's but a lassie yet,145,March,Scots Guards Volume 1,
My native Highland Home,146,March,Scots Guards Volume 1,
The Nut Brown Maiden,65,March,Scots Guards Volume 1,
Parker's Welcome to Perthshire,148,March,Scots Guards Volume 1,
The Piobaireachd of Donald Dhu,5,March,Scots Guards Volume 1,
Pipe Major Ewan Macreae,54,March,Scots Guards Volume 1,
The Plains of Tuscany,41,March,Scots Guards Volume 1,
Portree Bay,103,March,Scots Guards Volume 1,
The Portree Men,150,March,Scots Guards Volume 1,
Raasay House,43,March,Scots Guards Volume 1,
Rachel Dorothy Cunningham,53,March,Scots Guards Volume 1,
The Road to the Isles,151,March,Scots Guards Volume 1,
The Rock and the wee pickle tow,104,March,Scots Guards Volume 1,
Scotland the Brave,8,March,Scots Guards Volume 1,
Scots Guards departure for Egypt,20,March,Scots Guards Volume 1,
Scots Guards farewell to South Africa,22,March,Scots Guards Volume 1,
Scots Guards march through Jerusalem,33,March,Scots Guards Volume 1,
the Scots Guards Review,64,March,Scots Guards Volume 1,
Scots Guards welcome back to their old name,19,March,Scots Guards Volume 1,
Scots Guards Welcome to Toronto,29,March,Scots Guards Volume 1,
The siege of Delhi,152,March,Scots Guards Volume 1,
the Sweet Maid of Glendaruel,153,March,Scots Guards Volume 1,
the Tercentenary of the Scots Guards,38,March,Scots Guards Volume 1,
Teribus,153,March,Scots Guards Volume 1,
The White Sands of Mersa Matruh,34,March,Scots Guards Volume 1,
Wooed and married and a',105,March,Scots Guards Volume 1,
The 1st Battalion Scots Guards farewell to Cyprus,52,March,Scots Guards Volume 1,
The 1st Battalion Scots Guards farewell to Southhampton,31,March,Scots Guards Volume 1,
The 2nd Battalion Scots Guards farewell to Malaya,49,March,Scots Guards Volume 1,
The 2nd Battalion Scots Guards farewell to Singapore,50,March,Scots Guards Volume 1,
The 24th Guards Brigade at Anzio,40,March,Scots Guards Volume 1,
The 32nd Guards Brigade,51,March,Scots Guards Volume 1,
The 71 Highlanders,154,March,Scots Guards Volume 1,
The 79th Farewell to Gibraltar,156,March,Scots Guards Volume 1,
Arniston Castyle,157,Strathspey,Scots Guards Volume 1,
Aspen Bank,158,Strathspey,Scots Guards Volume 1,
Athole Cummers,158,Strathspey,Scots Guards Volume 1,
Balmoral Castle,160,Strathspey,Scots Guards Volume 1,
Because he was a bonny lad,160,Strathspey,Scots Guards Volume 1,
Blair Drummond,161,Strathspey,Scots Guards Volume 1,
Bob of Fettercairn,162,Strathspey,Scots Guards Volume 1,
The Braes of Mar,163,Strathspey,Scots Guards Volume 1,
The Braes of Tullymet,163,Strathspey,Scots Guards Volume 1,
The Caledonian Canal,164,Strathspey,Scots Guards Volume 1,
Captain Horne,164,Strathspey,Scots Guards Volume 1,
Delvinside,165,Strathspey,Scots Guards Volume 1,
The Devil in the kitchen,166,Strathspey,Scots Guards Volume 1,
Dorrator Bridge,166,Strathspey,Scots Guards Volume 1,
The Fiddler's Joy,167,Strathspey,Scots Guards Volume 1,
Highland harry,168,Strathspey,Scots Guards Volume 1,
Highland Whisky,168,Strathspey,Scots Guards Volume 1,
"JF Mackenzaie Esq of Garrynahine, Stornoway",169,Strathspey,Scots Guards Volume 1,
The Keel Row,169,Strathspey,Scots Guards Volume 1,
Lady Loudon,170,Strathspey,Scots Guards Volume 1,
Lady Mackenzie of fairburn,171,Strathspey,Scots Guards Volume 1,
Lady Madelina Sinclair,171,Strathspey,Scots Guards Volume 1,
the Laird of Drumblair,172,Strathspey,Scots Guards Volume 1,
Lord Blantyre,173,Strathspey,Scots Guards Volume 1,
Ludeon's bonny woods and braes,173,Strathspey,Scots Guards Volume 1,
Maggie Cameron,174,Strathspey,Scots Guards Volume 1,
The market Place of Inverness,175,Strathspey,Scots Guards Volume 1,
The Marquis of Huntly's Highland Fling,175,Strathspey,Scots Guards Volume 1,
The Miller of Drone,176,Strathspey,Scots Guards Volume 1,
Miss Ada Crawford,176,Strathspey,Scots Guards Volume 1,
Miss Drummond of Perth,177,Strathspey,Scots Guards Volume 1,
Monymusk,177,Strathspey,Scots Guards Volume 1,
Munlochy Bridge,178,Strathspey,Scots Guards Volume 1,
Orange and Blue,178,Strathspey,Scots Guards Volume 1,
The Piper's Bonnet,179,Strathspey,Scots Guards Volume 1,
The rose among the neather,180,Strathspey,Scots Guards Volume 1,
Sandy King's breeks,180,Strathspey,Scots Guards Volume 1,
The Shepherd's Crook,181,Strathspey,Scots Guards Volume 1,
Stirling Castle,182,Strathspey,Scots Guards Volume 1,
Struan Roberson,182,Strathspey,Scots Guards Volume 1,
Tulloch Gorm,183,Strathspey,Scots Guards Volume 1,
When you go to the hill take your gun,184,Strathspey,Scots Guards Volume 1,
The Ale is dear,185,Reel,Scots Guards Volume 1,
The Blackbird,186,Reel,Scots Guards Volume 1,
Ca' the ewes,188,Reel,Scots Guards Volume 1,
Charlie's welcome,189,Reel,Scots Guards Volume 1,
The Clucking Hen,190,Reel,Scots Guards Volume 1,
The Dancing feet,192,Reel,Scots Guards Volume 1,
The Devil among the tailors,192,Reel,Scots Guards Volume 1,
The duke of Richmond,193,Reel,Scots Guards Volume 1,
Duntroon,194,Reel,Scots Guards Volume 1,
The Eight men of Moidart,195,Reel,Scots Guards Volume 1,
The Fairy Dance,196,Reel,Scots Guards Volume 1,
The Flagon,196,Reel,Scots Guards Volume 1,
The Grey Bob,198,Reel,Scots Guards Volume 1,
The High Road to Linton,199,Reel,Scots Guards Volume 1,
Jenny dang the weaver,199,Reel,Scots Guards Volume 1,
Jock Wilson's Ball,200,Reel,Scots Guards Volume 1,
John McKechnie,200,Reel,Scots Guards Volume 1,
Kate Dalrymple,202,Reel,Scots Guards Volume 1,
The Kilt is my delight,202,Reel,Scots Guards Volume 1,
Loch Carron,203,Reel,Scots Guards Volume 1,
Lord Macdonald,204,Reel,Scots Guards Volume 1,
The Masons's Apron,205,Reel,Scots Guards Volume 1,
Master james M Diack,69,Reel,Scots Guards Volume 1,
Mrs Macleod of Raasay,205,Reel,Scots Guards Volume 1,
Mrs Macpherson of Inveran,206,Reel,Scots Guards Volume 1,
Mrs Terence Eden's welcome to Cromlix,68,Reel,Scots Guards Volume 1,
Over the Isles to America,208,Reel,Scots Guards Volume 1,
The Peper of Drummond,209,Reel,Scots Guards Volume 1,
Pretty marion,210,Reel,Scots Guards Volume 1,
The Reel of Tulloch,212,Reel,Scots Guards Volume 1,
The Rejected Suitor,214,Reel,Scots Guards Volume 1,
The Rev Alan Davidson,70,Reel,Scots Guards Volume 1,
Sandy Cameron,215,Reel,Scots Guards Volume 1,
Sandy Duff,216,Reel,Scots Guards Volume 1,
Scorrybreck Falls,71,Reel,Scots Guards Volume 1,
the SheepWife,216,Reel,Scots Guards Volume 1,
The Smith of Chillichassie,218,Reel,Scots Guards Volume 1,
Speed the plough,219,Reel,Scots Guards Volume 1,
Struy Lodge,68,Reel,Scots Guards Volume 1,
Thomson's Dirk,220,Reel,Scots Guards Volume 1,
Weary we've been,221,Reel,Scots Guards Volume 1,
The Wind that shakes the barley,221,Reel,Scots Guards Volume 1,
Windsor Castle,72,Reel,Scots Guards Volume 1,
The Battle of the Somme,222,Retreat,Scots Guards Volume 1,
Colin's Castle,222,Retreat,Scots Guards Volume 1,
The Countess of Dysart's welcome to Edinburgh Castle,73,Retreat,Scots Guards Volume 1,
Craigmillar Castle,224,Retreat,Scots Guards Volume 1,
Dark lowers the night,224,Retreat,Scots Guards Volume 1,
The Dream valley of Glendaruel,225,Retreat,Scots Guards Volume 1,
Far over Struy,226,Retreat,Scots Guards Volume 1,
The Green Hills of Tyrol,226,Retreat,Scots Guards Volume 1,
The Hawk that swoops on high,228,Retreat,Scots Guards Volume 1,
The Haights of Dargai,228,Retreat,Scots Guards Volume 1,
The heroes of Vittoria,229,Retreat,Scots Guards Volume 1,
Kilworth Hills,230,Retreat,Scots Guards Volume 1,
Lochanside,231,Retreat,Scots Guards Volume 1,
Loch Maree,232,Retreat,Scots Guards Volume 1,
The Meeting of the waters,233,Retreat,Scots Guards Volume 1,
Macgregor of Rora,233,Retreat,Scots Guards Volume 1,
My faithful fair one,234,Retreat,Scots Guards Volume 1,
The road to Sham-shui-Po,73,Retreat,Scots Guards Volume 1,
The shores of Argyll,235,Retreat,Scots Guards Volume 1,
Sir Colin Campbell's farewell to the Crimea,236,Retreat,Scots Guards Volume 1,
The Song of the maid,237,Retreat,Scots Guards Volume 1,
Toronsay Castle,238,Retreat,Scots Guards Volume 1,
When the battle is over,239,Retreat,Scots Guards Volume 1,
Youghal Harbour,239,Retreat,Scots Guards Volume 1,
Bonny Strathyre,242,Slow March,Scots Guards Volume 1,
Come ye by Atholl,243,Slow March,Scots Guards Volume 1,
The Cradle Song,243,Slow March,Scots Guards Volume 1,
The Glight of the Eaglets,76,Slow March,Scots Guards Volume 1,
The Flowers of the Forest,240,Slow March,Scots Guards Volume 1,
The Garb of Old Gaul,1,Slow March,Scots Guards Volume 1,
Hearken my love,244,Slow March,Scots Guards Volume 1,
The Herding Song,245,Slow March,Scots Guards Volume 1,
The Isle of the heather,245,Slow March,Scots Guards Volume 1,
Lament for Captain T Ballantyne Dykes,76,Slow March,Scots Guards Volume 1,
Leaving Ardtornish,74,Slow March,Scots Guards Volume 1,
Leaving St. Kilda,75,Slow March,Scots Guards Volume 1,
Lochaber no more,241,Slow March,Scots Guards Volume 1,
Loch Duich,246,Slow March,Scots Guards Volume 1,
Loch Etive-side,246,Slow March,Scots Guards Volume 1,
Loch Leven Castle,247,Slow March,Scots Guards Volume 1,
Loch Monar,74,Slow March,Scots Guards Volume 1,
Loch Rannoch,248,Slow March,Scots Guards Volume 1,
Mairi Bhan Og,249,Slow March,Scots Guards Volume 1,
The Mist covered mountains,250,Slow March,Scots Guards Volume 1,
Mrs Elder's welcome,251,Slow March,Scots Guards Volume 1,
My home,252,Slow March,Scots Guards Volume 1,
My lodgings on the cold ground,253,Slow March,Scots Guards Volume 1,
The Pride of Scotland,253,Slow March,Scots Guards Volume 1,
The Skye Boat Song,254,Slow March,Scots Guards Volume 1,
The Skye Gathering,255,Slow March,Scots Guards Volume 1,
The Wandering piper,255,Slow March,Scots Guards Volume 1,
Westering Home,256,Slow March,Scots Guards Volume 1,
Arlitrach,258,Jig,Scots Guards Volume 1,
The Baldooser,259,Jig,Scots Guards Volume 1,
The Barley Mow,260,Jig,Scots Guards Volume 1,
Brae Riach,262,Jig,Scots Guards Volume 1,
Center's Bonnet,77,Jig,Scots Guards Volume 1,
Cork Hill,263,Jig,Scots Guards Volume 1,
Cyprus Brandy,80,Jig,Scots Guards Volume 1,
Drops of Brandy,264,Jig,Scots Guards Volume 1,
Finlay Mackenzie,264,Jig,Scots Guards Volume 1,
The Goat Herd and the Sheepherd,265,Jig,Scots Guards Volume 1,
The Grumbling Carle,266,Jig,Scots Guards Volume 1,
The Jig of Slurs,267,Jig,Scots Guards Volume 1,
John Patterson's mare,268,Jig,Scots Guards Volume 1,
The Kitchen Maid,270,Jig,Scots Guards Volume 1,
Major Donald Struan Robertson,83,Jig,Scots Guards Volume 1,
The Micks among the Jocks,84,Jig,Scots Guards Volume 1,
Minnie Hynd,271,Jig,Scots Guards Volume 1,
Nameless Jigs,78,Jig,Scots Guards Volume 1,
Nameless Jigs,79,Jig,Scots Guards Volume 1,
Paddy's leather breeches,272,Jig,Scots Guards Volume 1,
The Red Brae,80,Jig,Scots Guards Volume 1,
The Shaggy Grey Buck,273,Jig,Scots Guards Volume 1,
The Spider and the Gaff,82,Jig,Scots Guards Volume 1,
The Ladies' Horn Pipe,276,Hornpipe,Scots Guards Volume 1,
The Londonderry Horn Pipe,277,Hornpipe,Scots Guards Volume 1,
Salute in Praise of Pipe Major William Ross MBE,278,Ceol Mor,Scots Guards Volume 1,
Aldergrove,26,March,Scots Guards Volume 2,
Angus MacKinnon,2,March,Scots Guards Volume 2,
The Banks of the Lossie,66,March,Scots Guards Volume 2,
the Braes of Brecklet,27,March,Scots Guards Volume 2,
The Braes of Castle Grant,28,March,Scots Guards Volume 2,
Bundle and Go,3,March,Scots Guards Volume 2,
The Cameron Quickstep,29,March,Scots Guards Volume 2,
Captain Carswell,30,March,Scots Guards Volume 2,
Captain A Pitkeathly,66,March,Scots Guards Volume 2,
The Cock of the North,4,March,Scots Guards Volume 2,
The Chow Man,31,March,Scots Guards Volume 2,
Colonel Iain A Ferguson OBE,5,March,Scots Guards Volume 2,
The Conundrum,32,March,Scots Guards Volume 2,
Crags of Tumbledown Mountain,25,March,Scots Guards Volume 2,
Cullen Bay,66,March,Scots Guards Volume 2,
The Desert March,33,March,Scots Guards Volume 2,
Dr Ross's 50th Welcome to the Argyllshire Gathering,6,March,Scots Guards Volume 2,
Dornoch Links,34,March,Scots Guards Volume 2,
Duncan McInnes,35,March,Scots Guards Volume 2,
Duncan McNeil Esq. Farewell to Melfort,36,March,Scots Guards Volume 2,
The Dundee City Police Band,7,March,Scots Guards Volume 2,
Farewell to Nigg,68,March,Scots Guards Volume 2,
The Festival March,70,March,Scots Guards Volume 2,
General Sir Michael Gow's Farewell to Edinburgh Castle,17,March,Scots Guards Volume 2,
Glasgow Week in Hamburg,71,March,Scots Guards Volume 2,
Glen Caladh Castle,37,March,Scots Guards Volume 2,
The High Road to Gairloch,38,March,Scots Guards Volume 2,
HRH The Duke of Kent,1,March,Scots Guards Volume 2,
Inveran,39,March,Scots Guards Volume 2,
Irene Meldrum's Welcome to Bon Accord,40,March,Scots Guards Volume 2,
Kantara to El Arish,41,March,Scots Guards Volume 2,
Kirkhill,8,March,Scots Guards Volume 2,
Kirkwall Bay,9,March,Scots Guards Volume 2,
Lady Lever Park,42,March,Scots Guards Volume 2,
The Lass of Redmond Hill,43,March,Scots Guards Volume 2,
The Lochaber Gathering,44,March,Scots Guards Volume 2,
Loch Ruan,19,March,Scots Guards Volume 2,
Lord Lovat's Lament,20,March,Scots Guards Volume 2,
Lt. Col.  DJS Murray,18,March,Scots Guards Volume 2,
Lt. Col. DM Naylor MBE,11,March,Scots Guards Volume 2,
MacLeod of Mull,10,March,Scots Guards Volume 2,
The MacNeils of Ugadale,12,March,Scots Guards Volume 2,
Mairis Wedding,45,March,Scots Guards Volume 2,
Major Manson's Farewell to Clachantrushal,46,March,Scots Guards Volume 2,
Major AT Philipson MBE,13,March,Scots Guards Volume 2,
Margaret M Duncan,47,March,Scots Guards Volume 2,
Millbank Cottage,48,March,Scots Guards Volume 2,
Mrs Dalzel-Job,49,March,Scots Guards Volume 2,
Mrs Macdonald of Dunach,50,March,Scots Guards Volume 2,
Murdo's Wedding,21,March,Scots Guards Volume 2,
the Old Rustic Bridge,21,March,Scots Guards Volume 2,
Pipe Major Robert Rennie,51,March,Scots Guards Volume 2,
Pipe Major KG Roe's Farewell to the Scots Guards,52,March,Scots Guards Volume 2,
Pipe Major W ross's Farewell to 2nd Bn Scots Guards,53,March,Scots Guards Volume 2,
Pipe Major John Stewart,54,March,Scots Guards Volume 2,
Rab's Wedding,15,March,Scots Guards Volume 2,
Redford Cottage,16,March,Scots Guards Volume 2,
Right Flank's Farewell to Lurgan,55,March,Scots Guards Volume 2,
The Rowan Tree,22,March,Scots Guards Volume 2,
The Royal Scottish Pipers' Society,56,March,Scots Guards Volume 2,
Scots Guards Farewell to Sharjah,58,March,Scots Guards Volume 2,
South Hall,58,March,Scots Guards Volume 2,
Support Company's Arewell to Divis Flats,60,March,Scots Guards Volume 2,
The taking of Beaumont Hamel,60,March,Scots Guards Volume 2,
The Two Ronnies' Maggies,23,March,Scots Guards Volume 2,
Wings,24,March,Scots Guards Volume 2,
The Young Macgregor,62,March,Scots Guards Volume 2,
No 2 Company Grenadier Guards,63,March,Scots Guards Volume 2,
The 8th Argylls' Farewell to the 116th Regiment of Ligne,24,March,Scots Guards Volume 2,
The 74th's Farewell to Edinburgh,64,March,Scots Guards Volume 2,
Cabar Feidh,72,Strathspey,Scots Guards Volume 2,
The Caledonian Society of London,73,Strathspey,Scots Guards Volume 2,
The Cameronian Rant,74,Strathspey,Scots Guards Volume 2,
Captain Colin Campbell,76,Strathspey,Scots Guards Volume 2,
Dalnahassaig,77,Strathspey,Scots Guards Volume 2,
The Duke of Gordon's Birthday,77,Strathspey,Scots Guards Volume 2,
The Ewe with the crooked horn,78,Strathspey,Scots Guards Volume 2,
The Gruagach (The Girl),79,Strathspey,Scots Guards Volume 2,
Inveraray Castle,80,Strathspey,Scots Guards Volume 2,
Mackbeth's Strathspey,82,Strathspey,Scots Guards Volume 2,
Monymusk,83,Strathspey,Scots Guards Volume 2,
O'er the bows to Ballindalloch,83,Strathspey,Scots Guards Volume 2,
Susan Macleod,84,Strathspey,Scots Guards Volume 2,
Thick lies the mist on yonder hill,85,Strathspey,Scots Guards Volume 2,
Tulloch Castle,86,Strathspey,Scots Guards Volume 2,
Wiseman's Exercise,87,Strathspey,Scots Guards Volume 2,
Barney's Balmoral - A reel,88,Reel,Scots Guards Volume 2,
Clean Peace Strae,88,Reel,Scots Guards Volume 2,
Colonel Macleod,89,Reel,Scots Guards Volume 2,
Lieutenant Colonel DJS Murray,90,Reel,Scots Guards Volume 2,
The Devil in the Kitchen,91,Reel,Scots Guards Volume 2,
Inverninate House,92,Reel,Scots Guards Volume 2,
Johnnie macdonald's Reel,92,Reel,Scots Guards Volume 2,
Kalabakan,93,Reel,Scots Guards Volume 2,
Lexy McAskill,94,Reel,Scots Guards Volume 2,
The Little Cascade,95,Reel,Scots Guards Volume 2,
Lochiel's away to France,96,Reel,Scots Guards Volume 2,
Lumsden's Rant,97,Reel,Scots Guards Volume 2,
Major Campbell Graham MBE,98,Reel,Scots Guards Volume 2,
The Man from Glengarry,99,Reel,Scots Guards Volume 2,
Miss Girdle,100,Reel,Scots Guards Volume 2,
The Ness Pipers,100,Reel,Scots Guards Volume 2,
Sleepy Maggie,102,Reel,Scots Guards Volume 2,
The Sound of sleat,103,Reel,Scots Guards Volume 2,
Balmoral,104,Retreat,Scots Guards Volume 2,
The Banks of allan Water,105,Retreat,Scots Guards Volume 2,
The Bloody Fields of Flanders,105,Retreat,Scots Guards Volume 2,
Castle Dangerous,106,Retreat,Scots Guards Volume 2,
I see Mull (Land of my Youth),108,Retreat,Scots Guards Volume 2,
Major JJD Cox,109,Retreat,Scots Guards Volume 2,
Nameless,109,Retreat,Scots Guards Volume 2,
Pipe Major JK Cairns,110,Retreat,Scots Guards Volume 2,
Talmine Bay,112,Retreat,Scots Guards Volume 2,
Auld Lang Syne,113,Slow March,Scots Guards Volume 2,
Brentwood Bay,113,Slow March,Scots Guards Volume 2,
Cailinn Mo Ruinsa (The maid I adore),114,Slow March,Scots Guards Volume 2,
The Cradle Song,114,Slow March,Scots Guards Volume 2,
The dark Island,115,Slow March,Scots Guards Volume 2,
Dream Angus,115,Slow March,Scots Guards Volume 2,
El Alamein,116,Slow March,Scots Guards Volume 2,
The Fairy Lullaby,117,Slow March,Scots Guards Volume 2,
The flower of Scotland,118,Slow March,Scots Guards Volume 2,
A Gaelic Air (O Luiaidh-Oh my dearest dear),119,Slow March,Scots Guards Volume 2,
I will go home to Kintail,120,Slow March,Scots Guards Volume 2,
Leaving Lismore,121,Slow March,Scots Guards Volume 2,
Leaving Lochboisdale,122,Slow March,Scots Guards Volume 2,
Loch Tay boat song,122,Slow March,Scots Guards Volume 2,
The Love Lullaby,123,Slow March,Scots Guards Volume 2,
The Mingulay Boat song,124,Slow March,Scots Guards Volume 2,
Miss Kirkwood,124,Slow March,Scots Guards Volume 2,
Morag of Dunvegan,125,Slow March,Scots Guards Volume 2,
The Saffron Kilt,126,Slow March,Scots Guards Volume 2,
Sine Bhan,127,Slow March,Scots Guards Volume 2,
Alan Macpherson of Mosspark,128,Jig,Scots Guards Volume 2,
Archie Beag,129,Jig,Scots Guards Volume 2,
The Banjo Breakdown,130,Jig,Scots Guards Volume 2,
Barbara's Jig,132,Jig,Scots Guards Volume 2,
Beaton's Blue Bonnet,133,Jig,Scots Guards Volume 2,
Cutting Bracken,134,Jig,Scots Guards Volume 2,
Donald Willie and his Dog,135,Jig,Scots Guards Volume 2,
Eileen Macdonald,136,Jig,Scots Guards Volume 2,
The Foxhunter,137,Jig,Scots Guards Volume 2,
The Glasgow City Police Pipers,138,Jig,Scots Guards Volume 2,
Hasted to the Wedding,139,Jig,Scots Guards Volume 2,
I laid a Herring in Salt,140,Jig,Scots Guards Volume 2,
The Irish Washerwoman,141,Jig,Scots Guards Volume 2,
Kenny Gilles of Portnalong - Skye,142,Jig,Scots Guards Volume 2,
McGuire's Jig,143,Jig,Scots Guards Volume 2,
The Mull of Kintyre,144,Jig,Scots Guards Volume 2,
The Nicky Tams,145,Jig,Scots Guards Volume 2,
Paddy O'Rafferty,146,Jig,Scots Guards Volume 2,
Pipe Major Joe Wilson,147,Jig,Scots Guards Volume 2,
The Rakes of Kildare,148,Jig,Scots Guards Volume 2,
Turf Lodge,149,Jig,Scots Guards Volume 2,
Unknown,150,Jig,Scots Guards Volume 2,
Welcome the Piper,151,Jig,Scots Guards Volume 2,
the Boys of Blue Hill,152,Hornpipe,Scots Guards Volume 2,
Calum Beag,152,Hornpipe,Scots Guards Volume 2,
The circassian Circle,154,Hornpipe,Scots Guards Volume 2,
Duncan Johnstone,154,Hornpipe,Scots Guards Volume 2,
The High Level,156,Hornpipe,Scots Guards Volume 2,
HMS Renown,157,Hornpipe,Scots Guards Volume 2,
Ina Mackenzie,158,Hornpipe,Scots Guards Volume 2,
The Jolly Beggarman,159,Slow March,Scots Guards Volume 2,
The Man from Skye,160,Slow March,Scots Guards Volume 2,
Paddy McGinty's Goat,161,Slow March,Scots Guards Volume 2,
the Pigeon on the Gate,161,Slow March,Scots Guards Volume 2,
Pipe Major George Allan,162,Slow March,Scots Guards Volume 2,
Tam Bain's Lum,163,Slow March,Scots Guards Volume 2,
The Train Journey North,164,Slow March,Scots Guards Volume 2,
Bobby Cuthbertson,176,For Dancing,Scots Guards Volume 2,
Crossing the Minch,177,For Dancing,Scots Guards Volume 2,
The Gay Gordons,178,For Dancing,Scots Guards Volume 2,
Ghillie Calum,172,For Dancing,Scots Guards Volume 2,
Jackie Tar,174,For Dancing,Scots Guards Volume 2,
Whistle o'er the Love o' it,176,For Dancing,Scots Guards Volume 2,
Corrienessan's Salute,194,Ceol Mor,Scots Guards Volume 2,
Glengarry's Lament,179,Ceol Mor,Scots Guards Volume 2,
Lament for the Old Sword,186,Ceol Mor,Scots Guards Volume 2,
The Little Spree,190,Ceol Mor,Scots Guards Volume 2,
Mackintosh's Lament,199,Ceol Mor,Scots Guards Volume 2,
Sir James MacDonald of the Isles's Lament,184,Ceol Mor,Scots Guards Volume 2,
The Badge of Scotland,27,Regimental Tunes,Queens Own Highlanders,
The Bannocks of Barley Meal,12,Regimental Tunes,Queens Own Highlanders,
The Blue Bonnets,24,Regimental Tunes,Queens Own Highlanders,
Brose and Butter,7,Regimental Tunes,Queens Own Highlanders,
The Brown-haired Maiden,16,Regimental Tunes,Queens Own Highlanders,
The Bugle Horn,17,Regimental Tunes,Queens Own Highlanders,
Bundle and Go,19,Regimental Tunes,Queens Own Highlanders,
Cabar Feidh,2,Regimental Tunes,Queens Own Highlanders,
The Cameron Men,4,Regimental Tunes,Queens Own Highlanders,
Cuidich 'n Righ,12,Regimental Tunes,Queens Own Highlanders,
Dark Lowers the Night,9,Regimental Tunes,Queens Own Highlanders,
The Dornoch Links,14,Regimental Tunes,Queens Own Highlanders,
Farewell to the Creeks,13,Regimental Tunes,Queens Own Highlanders,
the Flowers of the Forest,35,Regimental Tunes,Queens Own Highlanders,
The Garb of Old Gaul,4,Regimental Tunes,Queens Own Highlanders,
happy we've been a' thegither,20,Regimental Tunes,Queens Own Highlanders,
The Highland Brigade at Tel-El-Kebir,15,Regimental Tunes,Queens Own Highlanders,
Highland Laddie,22,Regimental Tunes,Queens Own Highlanders,
The Isle of the Heather,28,Regimental Tunes,Queens Own Highlanders,
I love the Highlands,28,Regimental Tunes,Queens Own Highlanders,
Jenny's Bawbee,8,Regimental Tunes,Queens Own Highlanders,
Johnnie Cope,5,Regimental Tunes,Queens Own Highlanders,
The Lads Wi' The Kilt,22,Regimental Tunes,Queens Own Highlanders,
Lochaber no more,36,Regimental Tunes,Queens Own Highlanders,
Loch Duich,26,Regimental Tunes,Queens Own Highlanders,
MacDonald's awa' to the War,31,Regimental Tunes,Queens Own Highlanders,
MacGregor of Rora,36,Regimental Tunes,Queens Own Highlanders,
The Mackenzie Highlanders,23,Regimental Tunes,Queens Own Highlanders,
The Mist-covered Mountains,29,Regimental Tunes,Queens Own Highlanders,
My Home,29,Regimental Tunes,Queens Own Highlanders,
O'er the Water to Charlie,8,Regimental Tunes,Queens Own Highlanders,
Oh but you've been long A'Coming,31,Regimental Tunes,Queens Own Highlanders,
Pibroch of Donald Dhu,1,Regimental Tunes,Queens Own Highlanders,
The Point of War,19,Regimental Tunes,Queens Own Highlanders,
The Red Coat,11,Regimental Tunes,Queens Own Highlanders,
Saint Andrew's Cross,26,Regimental Tunes,Queens Own Highlanders,
Scotland the Brave,25,Regimental Tunes,Queens Own Highlanders,
The Skye Gathering,24,Regimental Tunes,Queens Own Highlanders,
Sleep Dearie Sleep,10,Regimental Tunes,Queens Own Highlanders,
The Standard on the Braes of Mar,34,Regimental Tunes,Queens Own Highlanders,
Up and Waur them a' Wullie,21,Regimental Tunes,Queens Own Highlanders,
Up in the Morning Early,6,Regimental Tunes,Queens Own Highlanders,
We will return hom to Kintail,34,Regimental Tunes,Queens Own Highlanders,
We will take the good old Way,32,Regimental Tunes,Queens Own Highlanders,
The 25th November 1960,30,Regimental Tunes,Queens Own Highlanders,
The 51st Highland Division at Wadi Akarit,18,Regimental Tunes,Queens Own Highlanders,
The 72nd Highlanders,10,Regimental Tunes,Queens Own Highlanders,
The 79th's Farewell to Gibraltar,20,Regimental Tunes,Queens Own Highlanders,
The 79th Highlanders,33,Regimental Tunes,Queens Own Highlanders,
The Battle of the Somme,37,Retreat,Queens Own Highlanders,
Bonny Highland Mary,38,Retreat,Queens Own Highlanders,
Colonl JA Campbell,37,Retreat,Queens Own Highlanders,
Craigmillar Castle,38,Retreat,Queens Own Highlanders,
The Green Hills of Tyrol,39,Retreat,Queens Own Highlanders,
The Hawk that swoops on high,40,Retreat,Queens Own Highlanders,
The Highland Brigade at Magersfontein,40,Retreat,Queens Own Highlanders,
I hae a wife o' my ain,41,Retreat,Queens Own Highlanders,
Lord Byron,41,Retreat,Queens Own Highlanders,
Lt-Colonel HSS pringle Pattison MC,42,Retreat,Queens Own Highlanders,
Major General DN Wimberley's Farewell to the 51st,42,Retreat,Queens Own Highlanders,
The Murree Hills,43,Retreat,Queens Own Highlanders,
The sailor Boy,44,Retreat,Queens Own Highlanders,
Sir Colin Campbell,45,Retreat,Queens Own Highlanders,
Sir John Fowler,44,Retreat,Queens Own Highlanders,
The sons of the Mountains,45,Retreat,Queens Own Highlanders,
Toronsay Castle,46,Retreat,Queens Own Highlanders,
The True Lover's Lament,47,Retreat,Queens Own Highlanders,
When the battle's oer,48,Retreat,Queens Own Highlanders,
Youghai Harbour,48,Retreat,Queens Own Highlanders,
A Gaelic Air,49,Slow March,Queens Own Highlanders,
Cameron Highlanders of the Dominions,50,Slow March,Queens Own Highlanders,
Castle Forbes,50,Slow March,Queens Own Highlanders,
Hearken my Love,51,Slow March,Queens Own Highlanders,
The Highland Cradle Song,49,Slow March,Queens Own Highlanders,
Loch Leven Castle,52,Slow March,Queens Own Highlanders,
Lord Lovat's Lament,54,Slow March,Queens Own Highlanders,
Lt-Colonel Grant Peterkin's Farewell,52,Slow March,Queens Own Highlanders,
mallorca,54,Slow March,Queens Own Highlanders,
Mull of the Mountains,55,Slow March,Queens Own Highlanders,
Road to the Isles,53,Slow March,Queens Own Highlanders,
The Royal Blue Hackle,56,Slow March,Queens Own Highlanders,
A South Uist melody,55,Slow March,Queens Own Highlanders,
This is no my ain plaid,56,Slow March,Queens Own Highlanders,
The Wandering Piper,57,Slow March,Queens Own Highlanders,
The Alma,58,March,Queens Own Highlanders,
Allangrange,60,March,Queens Own Highlanders,
The Atholl and Breadalbane Gathering,61,March,Queens Own Highlanders,
The Back o' Benachie,60,March,Queens Own Highlanders,
The Balkan Hill,58,March,Queens Own Highlanders,
The Barren Rocks of Aden,62,March,Queens Own Highlanders,
The Battle of Tamai,63,March,Queens Own Highlanders,
Behind the bush in the Garden,64,March,Queens Own Highlanders,
Blythe and merry was she,64,March,Queens Own Highlanders,
The Black Bear Hornpipe,65,March,Queens Own Highlanders,
Bonawe Highlanders,70,March,Queens Own Highlanders,
The Bonnie Highland Hills,65,March,Queens Own Highlanders,
The Bonnets of Blue,66,March,Queens Own Highlanders,
The Bonny Country Garden,66,March,Queens Own Highlanders,
The Braemar Highlanders,67,March,Queens Own Highlanders,
The Braw Lad,68,March,Queens Own Highlanders,
Brigadier Alasdair Maclean CBE,68,March,Queens Own Highlanders,
Campbell's Farewell to Redcastle,72,March,Queens Own Highlanders,
Cam ye' by Atholl,81,March,Queens Own Highlanders,
The Cameron Quickstep,72,March,Queens Own Highlanders,
Captain GW Anderson,74,March,Queens Own Highlanders,
Captain Campbell,71,March,Queens Own Highlanders,
Captain Craig Brown,76,March,Queens Own Highlanders,
Captain Grant,74,March,Queens Own Highlanders,
Captain MacDonald,75,March,Queens Own Highlanders,
Captain NT MacLeod MC DCM,78,March,Queens Own Highlanders,
Captain Oldfield's Welcome to Kilravock,77,March,Queens Own Highlanders,
Captain JM Sym,80,March,Queens Own Highlanders,
Cold Winds from Ben Wyvis,79,March,Queens Own Highlanders,
Colonel Robertson,82,March,Queens Own Highlanders,
Colonel Sinclair,83,March,Queens Own Highlanders,
Conon House,85,March,Queens Own Highlanders,
Corn Rigs,84,March,Queens Own Highlanders,
Corran House,83,March,Queens Own Highlanders,
Corriechoillie's 43 Welcome to the Northern Meeting,84,March,Queens Own Highlanders,
Daft Donald,90,March,Queens Own Highlanders,
Donald's far away,86,March,Queens Own Highlanders,
Donald Cameron,86,March,Queens Own Highlanders,
Dovecote Park,88,March,Queens Own Highlanders,
The Duchess of Sutherland,88,March,Queens Own Highlanders,
The Earl of Mansfield,91,March,Queens Own Highlanders,
The East Neuk of Fife,92,March,Queens Own Highlanders,
The Glasgow Gaelic Club,94,March,Queens Own Highlanders,
The Glendaruel Highlanders,92,March,Queens Own Highlanders,
Greenwoodside,94,March,Queens Own Highlanders,
The Haughs of Cromdale,95,March,Queens Own Highlanders,
Haste to the Wedding,96,March,Queens Own Highlanders,
Here's to him that's o'er the water,96,March,Queens Own Highlanders,
The Heights of Alma,97,March,Queens Own Highlanders,
The Heights of Cassino,98,March,Queens Own Highlanders,
The Highland Lassie going to the Fair,99,March,Queens Own Highlanders,
The Hills of Glenorchy,102,March,Queens Own Highlanders,
Hills of South Uist,100,March,Queens Own Highlanders,
Hot Punch,101,March,Queens Own Highlanders,
I'll gang nae mair tae yon toon,102,March,Queens Own Highlanders,
I laid a herring in salt,104,March,Queens Own Highlanders,
I lo'e nae a laddie but ane,104,March,Queens Own Highlanders,
Invercauld House,105,March,Queens Own Highlanders,
Jennie's Black E'e,105,March,Queens Own Highlanders,
Jessie Brown of Luchnow,106,March,Queens Own Highlanders,
John Bain Mackenzie,106,March,Queens Own Highlanders,
John Bain Mackenzie's Sister's wedding,107,March,Queens Own Highlanders,
John Keil MBE,108,March,Queens Own Highlanders,
Kenmure's up and awa',109,March,Queens Own Highlanders,
Lassie was ye lo'e me,109,March,Queens Own Highlanders,
Lochcarnan Bay,110,March,Queens Own Highlanders,
Lochiel's away to France,112,March,Queens Own Highlanders,
Lord panmure,114,March,Queens Own Highlanders,
L-Colonel APC Hannay MC,112,March,Queens Own Highlanders,
Lt-Colonel JSH Douglas OBE,111,March,Queens Own Highlanders,
Lt-Colonel Maintland-Makgill-Crichton OBE,114,March,Queens Own Highlanders,
MacDonald of the Isles,116,March,Queens Own Highlanders,
Mackay's farewell to the 71st,118,March,Queens Own Highlanders,
MaKenzie's Farewell to Sutherland,118,March,Queens Own Highlanders,
MacKenzie of Gairloch,117,March,Queens Own Highlanders,
MacLeod's March,119,March,Queens Own Highlanders,
MacPherson's Lament,120,March,Queens Own Highlanders,
The Maids of Kintail,121,March,Queens Own Highlanders,
Major John MacLennan,122,March,Queens Own Highlanders,
Major Normal Orr Ewing,124,March,Queens Own Highlanders,
The March to the Battlefield,125,March,Queens Own Highlanders,
Master Michael Martin,126,March,Queens Own Highlanders,
The Meeting of the Waters,128,March,Queens Own Highlanders,
The Midlothian Pipe Band,123,March,Queens Own Highlanders,
Mis Delicia Chisholm,129,March,Queens Own Highlanders,
Mrs MacLeod of Raasay,127,March,Queens Own Highlanders,
The Muckin o Geordie's Byre,131,March,Queens Own Highlanders,
The Murray's Welcome to the 79th,130,March,Queens Own Highlanders,
My Love she's but a lassie yet,131,March,Queens Own Highlanders,
My Native Highland Home,132,March,Queens Own Highlanders,
The new year's Gift,133,March,Queens Own Highlanders,
The Old Rustic Bridge,133,March,Queens Own Highlanders,
Pipe Major Wm. Ross's Farewell to the Scots Guards,134,March,Queens Own Highlanders,
The Piper's Cave,134,March,Queens Own Highlanders,
The Portree Men,135,March,Queens Own Highlanders,
The Quaker's Wife,136,March,Queens Own Highlanders,
Roy of the Glen,136,March,Queens Own Highlanders,
Scotland's Gallant Soldiers,139,March,Queens Own Highlanders,
Scotland is my ain hame,137,March,Queens Own Highlanders,
The Siege of Delhi,138,March,Queens Own Highlanders,
Sir Colin Mackenzie,140,March,Queens Own Highlanders,
The Smith's a Gallant Fireman,139,March,Queens Own Highlanders,
The Steam Boat,140,March,Queens Own Highlanders,
The Sweet Maid of Glendaruel,141,March,Queens Own Highlanders,
The Thief of Lochaber,141,March,Queens Own Highlanders,
The Top of Ben Lomond,142,March,Queens Own Highlanders,
The Wee man at the Loom,144,March,Queens Own Highlanders,
The White Cockade,143,March,Queens Own Highlanders,
Within a mile o' Edinburgh Town,144,March,Queens Own Highlanders,
With Wellesley's Rifles at Keren,145,March,Queens Own Highlanders,
1st Battalion's Queen's Own Cameron Highlanders' Welcome to Edinburgh,146,March,Queens Own Highlanders,
2nd Battalion Queen's Own Cameron Highlanders Farewell to Slonika,148,March,Queens Own Highlanders,
The 72nd Highlanders Farewell to Aberdeen,147,March,Queens Own Highlanders,
The 72nd Highlanders Farewell to Edinburgh,152,March,Queens Own Highlanders,
The 72nd Highlanders Gathering 1901,150,March,Queens Own Highlanders,
The 78th Highlanders's Farewell to Fort George,150,March,Queens Own Highlanders,
The 78th Walk Round (Liverpool Hornpipe),149,March,Queens Own Highlanders,
Aspen Bank,153,Strathspey,Queens Own Highlanders,
The Back of the Change House,154,Strathspey,Queens Own Highlanders,
Balmoral Castle,154,Strathspey,Queens Own Highlanders,
Because he was a Bonnie Lad,155,Strathspey,Queens Own Highlanders,
Brahan Castle,155,Strathspey,Queens Own Highlanders,
Brechin Castle,154,Strathspey,Queens Own Highlanders,
The Brig' of Perth,153,Strathspey,Queens Own Highlanders,
Captain Horn,155,Strathspey,Queens Own Highlanders,
Captain Jack Murray,156,Strathspey,Queens Own Highlanders,
Cutty's Wedding,156,Strathspey,Queens Own Highlanders,
The Devil in the Kitchen,157,Strathspey,Queens Own Highlanders,
The Duke of Gordon's Birthday,157,Strathspey,Queens Own Highlanders,
The Highland society of London,158,Strathspey,Queens Own Highlanders,
The Highlands of Banffshire,158,Strathspey,Queens Own Highlanders,
Lady Mackenzie of Fairburn,159,Strathspey,Queens Own Highlanders,
Lady Madeine Sinclair,159,Strathspey,Queens Own Highlanders,
Lord Blantyre,160,Strathspey,Queens Own Highlanders,
Loudon's Bonnie Woods and Braes,160,Strathspey,Queens Own Highlanders,
MacPhedran's Strathspey,160,Strathspey,Queens Own Highlanders,
Major AF MacGillivray,162,Strathspey,Queens Own Highlanders,
Maggie Cameron,161,Strathspey,Queens Own Highlanders,
The Market Place of Inverness,162,Strathspey,Queens Own Highlanders,
Miss Drummond of Perth,163,Strathspey,Queens Own Highlanders,
Munlochy Bridge,163,Strathspey,Queens Own Highlanders,
O'er the Bows to Ballindalloch,164,Strathspey,Queens Own Highlanders,
O'er the moor among the Heather,164,Strathspey,Queens Own Highlanders,
Rthe Rothiemurchus Rant,164,Strathspey,Queens Own Highlanders,
Sandy King's Breeks,165,Strathspey,Queens Own Highlanders,
Stirling Castle,165,Strathspey,Queens Own Highlanders,
Thick lies the mist on yonder hill,166,Strathspey,Queens Own Highlanders,
When you go to the hill, take your gun,166,Strathspey,Queens Own Highlanders,
